-- HAHA
INSERT INTO applicants (first_name, middle_name, last_name, email, phone_num, employment_status, salary, credit_score) VALUES
('Jose', 'Sofia', 'Garcia', 'jose.garcia1@example.com', '09483739026', 'unemployed', 48488.77, 'excellent'),
('Pedro', 'Andres', 'Cruz', 'pedro.cruz2@example.com', '09183289251', 'employed', 36234.98, 'excellent'),
('Luisa', 'Juan', 'Garcia', 'luisa.garcia3@example.com', '09890442945', 'self-employed', 44740.42, 'excellent'),
('Carlos', 'Jose', 'Garcia', 'carlos.garcia4@example.com', '09310156124', 'employed', 12048.05, 'excellent'),
('Carlos', 'Andres', 'Garcia', 'carlos.garcia5@example.com', '09233903811', 'unemployed', 12098.91, 'excellent'),
('Pedro', 'Ana', 'Reyes', 'pedro.reyes6@example.com', '09846261217', 'employed', 32426.17, 723.42),
('Andres', 'Isabel', 'Rivera', 'andres.rivera7@example.com', '09417571128', 'unemployed', 36231.11, 'excellent'),
('Andres', 'Juan', 'Rivera', 'andres.rivera8@example.com', '09941605274', 'unemployed', 27259.85,'excellent'),
('Carlos', 'Juan', 'Santos', 'carlos.santos9@example.com', '09705513512', 'unemployed', 46378.18, 'excellent'),
('Maria', 'Pedro', 'Reyes', 'maria.reyes10@example.com', '09527819733', 'unemployed', 35598.06,'excellent'),
('Maria', 'Carlos', 'Cruz', 'maria.cruz11@example.com', '09791425097', 'self-employed', 20491.85, 'excellent'),
('Isabel', 'Pedro', 'Reyes', 'isabel.reyes12@example.com', '09307316070', 'employed', 16969.31,'excellent'),
('Luisa', 'Isabel', 'Lopez', 'luisa.lopez13@example.com', '09616711929', 'employed', 13789.58, 'excellent'),
('Andres', 'Andres', 'Cruz', 'andres.cruz14@example.com', '09441202062', 'unemployed', 33474.56, 'excellent'),
('Luisa', 'Sofia', 'Rivera', 'luisa.rivera15@example.com', '09267550716', 'employed', 42078.37, 'excellent'),
('Maria', 'Pedro', 'Garcia', 'maria.garcia16@example.com', '09149910116', 'self-employed', 30508.44, 'excellent'),
('Isabel', 'Juan', 'Ramos', 'isabel.ramos17@example.com', '09710168808', 'self-employed', 21608.52, 'excellent'),
('Juan', 'Sofia', 'Reyes', 'juan.reyes18@example.com', '09566357776', 'employed', 39004.49, 'excellent'),
('Maria', 'Carlos', 'Santos', 'maria.santos19@example.com', '09320915327', 'employed', 29897.32, 'excellent'),
('Jose', 'Pedro', 'Reyes', 'jose.reyes20@example.com', '09191012507', 'employed', 36466.62, 'excellent'),
('Sofia', 'Juan', 'Garcia', 'sofia.garcia21@example.com', '09814308742', 'unemployed', 43383.45, 'excellent'),
('Jose', 'Luisa', 'Vargas', 'jose.vargas22@example.com', '09919427265', 'self-employed', 21741.01, 'excellent'),
('Carlos', 'Carlos', 'Reyes', 'carlos.reyes23@example.com', '09618130522', 'employed', 41145.95, 'excellent'),
('Pedro', 'Ana', 'Santos', 'pedro.santos24@example.com', '09122489498', 'unemployed', 44581.57, 'excellent'),
('Jose', 'Sofia', 'Lopez', 'jose.lopez25@example.com', '09577183281', 'self-employed', 16992.24, 'excellent'),
('Ana', 'Sofia', 'Rivera', 'ana.rivera26@example.com', '09757989925', 'unemployed', 20037.68, 'excellent'),
('Maria', 'Juan', 'Santos', 'maria.santos27@example.com', '09773690398', 'unemployed', 48687.16, 'excellent'),
('Sofia', 'Juan', 'Lopez', 'sofia.lopez28@example.com', '09594196342', 'self-employed', 47840.0, 'excellent'),
('Pedro', 'Pedro', 'Torres', 'pedro.torres29@example.com', '09569034601', 'self-employed', 14030.68, 'excellent'),
('Jose', 'Juan', 'Delgado', 'jose.delgado30@example.com', '09490106689', 'employed', 14447.47, 'excellent');

INSERT INTO loans (applicant_id, loan_plan_lvl, principal, total_loan, payment_amount, application_date, payment_start_date, payment_time_period, payment_schedule, status) VALUES
(1, 1, 48920.31, 51366.32, 4280.53, '2025-01-04', NULL, 12, 'monthly', 'Pending'),
(2, 2, 47886.11, 51717.0, 4309.75, '2025-01-07', '2025-02-06', 12, 'monthly', 'Settled'),
(3, 5, 10070.33, 11882.99, 990.25, '2025-01-10', '2025-02-09', 12, 'monthly', 'Approved'),
(4, 5, 23463.62, 27687.08, 2307.26, '2025-01-13', '2025-02-12', 12, 'monthly', 'Settled'),
(5, 4, 21090.08, 24253.59, 2021.13, '2025-01-13', NULL, 12, 'monthly', 'Pending'),
(6, 5, 25384.84, 29954.11, 2496.18, '2025-01-19', '2025-02-18', 12, 'monthly', 'Approved'),
(7, 1, 33419.78, 35090.77, 5848.46, '2025-01-22', '2025-02-21', 6, 'monthly', 'Settled'),
(8, 3, 42067.17, 47115.23, 7852.54, '2025-01-22', '2025-02-24', 6, 'monthly', 'Settled'),
(9, 1, 49661.13, 52144.19, 4345.35, '2025-01-28', '2025-02-27', 12, 'monthly', 'Approved'),
(10, 2, 8597.84, 9285.67, 386.9, '2025-01-31', '2025-03-01', 24, 'monthly', 'Approved'),
(11, 4, 9037.62, 10393.26, 433.05, '2025-02-03', '2025-03-04', 24, 'monthly', 'Settled'),
(12, 1, 38484.23, 40408.44, 6734.74, '2025-02-06', '2025-03-07', 6, 'monthly', 'Approved'),
(13, 1, 19033.6, 19985.28, 1665.44, '2025-02-06', '2025-03-10', 12, 'monthly', 'Approved'),
(14, 2, 30462.68, 32899.69, 1370.82, '2025-02-15', NULL, 24, 'monthly', 'Pending'),
(15, 4, 27026.95, 31081.0, 1295.04, '2025-02-15', NULL, 24, 'monthly', 'Pending'),
(16, 3, 8544.53, 9569.87, 797.49, '2025-02-18', '2025-03-19', 12, 'monthly', 'Approved'),
(17, 5, 27211.02, 32109.0, 5351.5, '2025-02-24', '2025-03-22', 6, 'monthly', 'Settled'),
(18, 3, 33086.0, 37056.32, 1544.01, '2025-02-24', '2025-03-25', 24, 'monthly', 'Approved'),
(19, 3, 14639.55, 16396.29, 1366.36, '2025-02-24', '2025-03-28', 12, 'monthly', 'Approved'),
(20, 3, 49656.88, 55615.71, 9269.29, '2025-03-24', NULL, 6, 'monthly', 'Pending'),
(21, 3, 6067.04, 6795.09, 283.13, '2025-03-04', '2025-04-03', 24, 'monthly', 'Settled'),
(22, 3, 5665.22, 6345.05, 1057.51, '2025-03-07', '2025-04-06', 6, 'monthly', 'Settled'),
(23, 2, 28071.33, 30317.04, 2526.42, '2025-03-10', NULL, 12, 'monthly', 'Pending'),
(24, 1, 43138.84, 45295.78, 3774.65, '2025-03-13', '2025-04-12', 12, 'monthly', 'Approved'),
(25, 3, 44907.2, 50296.06, 8382.68, '2025-03-16', NULL, 6, 'monthly', 'Pending'),
(26, 5, 20953.21, 24724.79, 2060.4, '2025-03-19', '2025-04-18', 12, 'monthly', 'Settled'),
(27, 5, 28314.49, 33411.1, 2784.26, '2025-03-22', '2025-04-21', 12, 'monthly', 'Settled'),
(28, 3, 44880.14, 50265.76, 4188.81, '2025-03-25', '2025-04-24', 12, 'monthly', 'Approved'),
(29, 1, 28557.05, 29984.91, 2498.74, '2025-03-25', '2025-04-27', 12, 'monthly', 'Settled'),
(30, 1, 30023.4, 31524.57, 5254.1, '2025-03-31', NULL, 6, 'monthly', 'Pending');



INSERT INTO loan_details (loan_id, due_amount, next_due, amount_payable, payments_remaining, is_current) VALUES
(2, 0,'2025-03-07', 0.0, 0, 0),
(4, 0, '2025-03-13', 0.0, 0, 0),
(7, 0, '2025-03-22', 0.0, 0, 0),
(8, 0, '2025-03-25', 0.0, 0, 0),
(11, 0, '2025-04-03', 0.0, 0, 0),
(17, 0, '2025-04-21', 0.0, 0, 0),
(21, 0, '2025-05-03', 0.0, 0, 0),
(22, 0, '2025-05-06', 0.0, 0, 0),
(26, 0, '2025-05-18', 0.0, 0, 0),
(27, 0, '2025-05-21', 0.0, 0, 0),
(29, 0, '2025-05-27', 0.0, 0, 0);

INSERT INTO payments (loan_id, amount_paid, remarks, transaction_date) VALUES
(2, 51717.0, 'Final payment', '2025-03-07'),
(4, 27687.08, 'Final payment', '2025-03-13'),
(7, 35090.77, 'Final payment', '2025-03-22'),
(8, 47115.23, 'Final payment', '2025-03-25'),
(11, 10393.26, 'Final payment', '2025-04-03'),
(17, 32109.0, 'Final payment', '2025-04-21'),
(21, 6795.09, 'Final payment', '2025-05-03'),
(22, 6345.05, 'Final payment', '2025-05-06'),
(26, 24724.79, 'Final payment', '2025-05-18'),
(27, 33411.1, 'Final payment', '2025-05-21'),
(29, 29984.91, 'Final payment', '2025-05-27');
